Workbook

Sheet Start Here
A1: VM Module 3 — Templates
A2: MyProven Academy · The GRC Exit Track
A5: Prioritize the pre-loaded findings, assign SLAs/owners, then report metrics.
A7: Tabs:
A8: Prioritization → 20 findings pre-loaded; you add Priority
A9: Remediation Tracker → SLA + owner + status
A10: Metrics → the numbers leadership reads
A12: Portfolio artifact: vm-03-remediation-report (section capstone)

Sheet Dashboard
A1: Vulnerability Management Dashboard
A2: Module 3 · live view of the 20 findings on the Prioritization sheet
A4: Total Findings | B4: KEV (Exploited) | C4: Critical | D4: High | E4: High-Crit Assets | F4: Avg Risk Score | G4: Max Risk Score
A5: =COUNTA(Prioritization!$B$5:$B$24) -> 20 | B5: =COUNTIF(Prioritization!$E$5:$E$24,"Y") -> 13 | C5: =COUNTIF(Prioritization!$D$5:$D$24,"Critical") -> 14 | D5: =COUNTIF(Prioritization!$D$5:$D$24,"High") -> 6 | E5: =COUNTIF(Prioritization!$G$5:$G$24,"H") -> 8 | F5: =AVERAGE(Prioritization!$I$5:$I$24) -> 22.840445 | G5: =MAX(Prioritization!$I$5:$I$24) -> 42.9975
A7: Breakdown by Severity | E7: Breakdown by Asset Criticality
A8: Severity | B8: Count | C8: % of Total | E8: Criticality | F8: Count | G8: KEV Count | H8: Avg Risk Score
A9: Critical | B9: =COUNTIF(Prioritization!$D$5:$D$24,$A9) -> 14 | C9: =B9/$A$5 -> 0.7 | E9: H | F9: =COUNTIF(Prioritization!$G$5:$G$24,$E9) -> 8 | G9: =COUNTIFS(Prioritization!$G$5:$G$24,$E9,Prioritization!$E$5:$E$24,"Y") -> 4 | H9: =AVERAGEIF(Prioritization!$G$5:$G$24,$E9,Prioritization!$I$5:$I$24) -> 26.957438
A10: High | B10: =COUNTIF(Prioritization!$D$5:$D$24,$A10) -> 6 | C10: =B10/$A$5 -> 0.3 | E10: M | F10: =COUNTIF(Prioritization!$G$5:$G$24,$E10) -> 10 | G10: =COUNTIFS(Prioritization!$G$5:$G$24,$E10,Prioritization!$E$5:$E$24,"Y") -> 7 | H10: =AVERAGEIF(Prioritization!$G$5:$G$24,$E10,Prioritization!$I$5:$I$24) -> 21.1867
A11: Total | B11: =SUM(B9:B10) -> 20 | C11: =SUM(C9:C10) -> 1 | E11: L | F11: =COUNTIF(Prioritization!$G$5:$G$24,$E11) -> 2 | G11: =COUNTIFS(Prioritization!$G$5:$G$24,$E11,Prioritization!$E$5:$E$24,"Y") -> 2 | H11: =AVERAGEIF(Prioritization!$G$5:$G$24,$E11,Prioritization!$I$5:$I$24) -> 14.6412
A13: Exploitability Segments | F13: Remediation Coverage
A14: Segment | B14: Count | C14: Avg EPSS | D14: Avg Risk Score | F14: Measure | H14: Value
A15: KEV — actively exploited | B15: =COUNTIF(Prioritization!$E$5:$E$24,"Y") -> 13 | C15: =AVERAGEIF(Prioritization!$E$5:$E$24,"Y",Prioritization!$F$5:$F$24) -> 0.61153846 | D15: =AVERAGEIF(Prioritization!$E$5:$E$24,"Y",Prioritization!$I$5:$I$24) -> 25.926531 | F15: Findings logged in tracker | H15: =COUNTA('Remediation Tracker'!$A$5:$A$15) -> 1
A16: Non-KEV, EPSS at/above threshold | B16: =COUNTIFS(Prioritization!$E$5:$E$24,"N",Prioritization!$F$5:$F$24,">="&$B$18) -> 4 | C16: =AVERAGEIFS(Prioritization!$F$5:$F$24,Prioritization!$E$5:$E$24,"N",Prioritization!$F$5:$F$24,">="&$B$18) -> 0.815 | D16: =AVERAGEIFS(Prioritization!$I$5:$I$24,Prioritization!$E$5:$E$24,"N",Prioritization!$F$5:$F$24,">="&$B$18) -> 18.521 | F16: Findings not yet assigned | H16: =$A$5-H15 -> 19
A17: Non-KEV, EPSS below threshold | B17: =COUNTIFS(Prioritization!$E$5:$E$24,"N",Prioritization!$F$5:$F$24,"<"&$B$18) -> 3 | C17: =AVERAGEIFS(Prioritization!$F$5:$F$24,Prioritization!$E$5:$E$24,"N",Prioritization!$F$5:$F$24,"<"&$B$18) -> 0.4 | D17: =AVERAGEIFS(Prioritization!$I$5:$I$24,Prioritization!$E$5:$E$24,"N",Prioritization!$F$5:$F$24,"<"&$B$18) -> 15.226667 | F17: Coverage % | H17: =H15/$A$5 -> 0.05
A18: EPSS threshold (input) | B18: 0.7
A20: Top 10 Findings by Risk Score
A21: Priority | B21: Host | C21: CVE | D21: Severity | E21: CVSS | F21: KEV? | G21: EPSS | H21: Risk Score
A22: 1 | B22: =INDEX(Prioritization!$A$5:$A$24,MATCH($A22,Prioritization!$H$5:$H$24,0)) -> web-prod-01 | C22: =INDEX(Prioritization!$B$5:$B$24,MATCH($A22,Prioritization!$H$5:$H$24,0)) -> CVE-2024-3094 | D22: =INDEX(Prioritization!$D$5:$D$24,MATCH($A22,Prioritization!$H$5:$H$24,0)) -> Critical | E22: =INDEX(Prioritization!$C$5:$C$24,MATCH($A22,Prioritization!$H$5:$H$24,0)) -> 9.8 | F22: =INDEX(Prioritization!$E$5:$E$24,MATCH($A22,Prioritization!$H$5:$H$24,0)) -> Y | G22: =INDEX(Prioritization!$F$5:$F$24,MATCH($A22,Prioritization!$H$5:$H$24,0)) -> 0.95 | H22: =INDEX(Prioritization!$I$5:$I$24,MATCH($A22,Prioritization!$H$5:$H$24,0)) -> 42.9975
A23: =A22+1 -> 2 | B23: =INDEX(Prioritization!$A$5:$A$24,MATCH($A23,Prioritization!$H$5:$H$24,0)) -> dc-01 | C23: =INDEX(Prioritization!$B$5:$B$24,MATCH($A23,Prioritization!$H$5:$H$24,0)) -> CVE-2022-1388 | D23: =INDEX(Prioritization!$D$5:$D$24,MATCH($A23,Prioritization!$H$5:$H$24,0)) -> Critical | E23: =INDEX(Prioritization!$C$5:$C$24,MATCH($A23,Prioritization!$H$5:$H$24,0)) -> 9.8 | F23: =INDEX(Prioritization!$E$5:$E$24,MATCH($A23,Prioritization!$H$5:$H$24,0)) -> Y | G23: =INDEX(Prioritization!$F$5:$F$24,MATCH($A23,Prioritization!$H$5:$H$24,0)) -> 0.64 | H23: =INDEX(Prioritization!$I$5:$I$24,MATCH($A23,Prioritization!$H$5:$H$24,0)) -> 36.162
A24: =A23+1 -> 3 | B24: =INDEX(Prioritization!$A$5:$A$24,MATCH($A24,Prioritization!$H$5:$H$24,0)) -> vpn-gw-01 | C24: =INDEX(Prioritization!$B$5:$B$24,MATCH($A24,Prioritization!$H$5:$H$24,0)) -> CVE-2021-44228 | D24: =INDEX(Prioritization!$D$5:$D$24,MATCH($A24,Prioritization!$H$5:$H$24,0)) -> Critical | E24: =INDEX(Prioritization!$C$5:$C$24,MATCH($A24,Prioritization!$H$5:$H$24,0)) -> 10 | F24: =INDEX(Prioritization!$E$5:$E$24,MATCH($A24,Prioritization!$H$5:$H$24,0)) -> Y | G24: =INDEX(Prioritization!$F$5:$F$24,MATCH($A24,Prioritization!$H$5:$H$24,0)) -> 0.48 | H24: =INDEX(Prioritization!$I$5:$I$24,MATCH($A24,Prioritization!$H$5:$H$24,0)) -> 33.3
A25: =A24+1 -> 4 | B25: =INDEX(Prioritization!$A$5:$A$24,MATCH($A25,Prioritization!$H$5:$H$24,0)) -> print-srv-07 | C25: =INDEX(Prioritization!$B$5:$B$24,MATCH($A25,Prioritization!$H$5:$H$24,0)) -> CVE-2023-46604 | D25: =INDEX(Prioritization!$D$5:$D$24,MATCH($A25,Prioritization!$H$5:$H$24,0)) -> Critical | E25: =INDEX(Prioritization!$C$5:$C$24,MATCH($A25,Prioritization!$H$5:$H$24,0)) -> 10 | F25: =INDEX(Prioritization!$E$5:$E$24,MATCH($A25,Prioritization!$H$5:$H$24,0)) -> Y | G25: =INDEX(Prioritization!$F$5:$F$24,MATCH($A25,Prioritization!$H$5:$H$24,0)) -> 0.92 | H25: =INDEX(Prioritization!$I$5:$I$24,MATCH($A25,Prioritization!$H$5:$H$24,0)) -> 28.8
A26: =A25+1 -> 5 | B26: =INDEX(Prioritization!$A$5:$A$24,MATCH($A26,Prioritization!$H$5:$H$24,0)) -> file-srv-04 | C26: =INDEX(Prioritization!$B$5:$B$24,MATCH($A26,Prioritization!$H$5:$H$24,0)) -> CVE-2022-26134 | D26: =INDEX(Prioritization!$D$5:$D$24,MATCH($A26,Prioritization!$H$5:$H$24,0)) -> Critical | E26: =INDEX(Prioritization!$C$5:$C$24,MATCH($A26,Prioritization!$H$5:$H$24,0)) -> 9.8 | F26: =INDEX(Prioritization!$E$5:$E$24,MATCH($A26,Prioritization!$H$5:$H$24,0)) -> Y | G26: =INDEX(Prioritization!$F$5:$F$24,MATCH($A26,Prioritization!$H$5:$H$24,0)) -> 0.84 | H26: =INDEX(Prioritization!$I$5:$I$24,MATCH($A26,Prioritization!$H$5:$H$24,0)) -> 27.048
A27: =A26+1 -> 6 | B27: =INDEX(Prioritization!$A$5:$A$24,MATCH($A27,Prioritization!$H$5:$H$24,0)) -> app-prod-03 | C27: =INDEX(Prioritization!$B$5:$B$24,MATCH($A27,Prioritization!$H$5:$H$24,0)) -> CVE-2024-21413 | D27: =INDEX(Prioritization!$D$5:$D$24,MATCH($A27,Prioritization!$H$5:$H$24,0)) -> Critical | E27: =INDEX(Prioritization!$C$5:$C$24,MATCH($A27,Prioritization!$H$5:$H$24,0)) -> 9.8 | F27: =INDEX(Prioritization!$E$5:$E$24,MATCH($A27,Prioritization!$H$5:$H$24,0)) -> Y | G27: =INDEX(Prioritization!$F$5:$F$24,MATCH($A27,Prioritization!$H$5:$H$24,0)) -> 0.8 | H27: =INDEX(Prioritization!$I$5:$I$24,MATCH($A27,Prioritization!$H$5:$H$24,0)) -> 26.46
A28: =A27+1 -> 7 | B28: =INDEX(Prioritization!$A$5:$A$24,MATCH($A28,Prioritization!$H$5:$H$24,0)) -> web-prod-01 | C28: =INDEX(Prioritization!$B$5:$B$24,MATCH($A28,Prioritization!$H$5:$H$24,0)) -> CVE-2023-27350 | D28: =INDEX(Prioritization!$D$5:$D$24,MATCH($A28,Prioritization!$H$5:$H$24,0)) -> Critical | E28: =INDEX(Prioritization!$C$5:$C$24,MATCH($A28,Prioritization!$H$5:$H$24,0)) -> 9.8 | F28: =INDEX(Prioritization!$E$5:$E$24,MATCH($A28,Prioritization!$H$5:$H$24,0)) -> Y | G28: =INDEX(Prioritization!$F$5:$F$24,MATCH($A28,Prioritization!$H$5:$H$24,0)) -> 0.2 | H28: =INDEX(Prioritization!$I$5:$I$24,MATCH($A28,Prioritization!$H$5:$H$24,0)) -> 26.46
A29: =A28+1 -> 8 | B29: =INDEX(Prioritization!$A$5:$A$24,MATCH($A29,Prioritization!$H$5:$H$24,0)) -> backup-02 | C29: =INDEX(Prioritization!$B$5:$B$24,MATCH($A29,Prioritization!$H$5:$H$24,0)) -> CVE-2023-22515 | D29: =INDEX(Prioritization!$D$5:$D$24,MATCH($A29,Prioritization!$H$5:$H$24,0)) -> Critical | E29: =INDEX(Prioritization!$C$5:$C$24,MATCH($A29,Prioritization!$H$5:$H$24,0)) -> 10 | F29: =INDEX(Prioritization!$E$5:$E$24,MATCH($A29,Prioritization!$H$5:$H$24,0)) -> Y | G29: =INDEX(Prioritization!$F$5:$F$24,MATCH($A29,Prioritization!$H$5:$H$24,0)) -> 0.66 | H29: =INDEX(Prioritization!$I$5:$I$24,MATCH($A29,Prioritization!$H$5:$H$24,0)) -> 24.9
A30: =A29+1 -> 9 | B30: =INDEX(Prioritization!$A$5:$A$24,MATCH($A30,Prioritization!$H$5:$H$24,0)) -> file-srv-04 | C30: =INDEX(Prioritization!$B$5:$B$24,MATCH($A30,Prioritization!$H$5:$H$24,0)) -> CVE-2023-34362 | D30: =INDEX(Prioritization!$D$5:$D$24,MATCH($A30,Prioritization!$H$5:$H$24,0)) -> Critical | E30: =INDEX(Prioritization!$C$5:$C$24,MATCH($A30,Prioritization!$H$5:$H$24,0)) -> 9.8 | F30: =INDEX(Prioritization!$E$5:$E$24,MATCH($A30,Prioritization!$H$5:$H$24,0)) -> Y | G30: =INDEX(Prioritization!$F$5:$F$24,MATCH($A30,Prioritization!$H$5:$H$24,0)) -> 0.55 | H30: =INDEX(Prioritization!$I$5:$I$24,MATCH($A30,Prioritization!$H$5:$H$24,0)) -> 22.785
A31: =A30+1 -> 10 | B31: =INDEX(Prioritization!$A$5:$A$24,MATCH($A31,Prioritization!$H$5:$H$24,0)) -> db-prod-02 | C31: =INDEX(Prioritization!$B$5:$B$24,MATCH($A31,Prioritization!$H$5:$H$24,0)) -> CVE-2022-30190 | D31: =INDEX(Prioritization!$D$5:$D$24,MATCH($A31,Prioritization!$H$5:$H$24,0)) -> High | E31: =INDEX(Prioritization!$C$5:$C$24,MATCH($A31,Prioritization!$H$5:$H$24,0)) -> 7.8 | F31: =INDEX(Prioritization!$E$5:$E$24,MATCH($A31,Prioritization!$H$5:$H$24,0)) -> N | G31: =INDEX(Prioritization!$F$5:$F$24,MATCH($A31,Prioritization!$H$5:$H$24,0)) -> 0.9 | H31: =INDEX(Prioritization!$I$5:$I$24,MATCH($A31,Prioritization!$H$5:$H$24,0)) -> 22.23
A33: Executive Summary — 5 Things Management Needs to Know
A34: # | B34: What management needs to know | E34: Remediation required | H34: SLA | J34: Chart data — Top 10 (do not edit)
A35: 1 | B35: ="Two-thirds of the estate is under active attack: "&$B$5&" of "&$A$5&" findings ("&TEXT($B$5/$A$5,"0%")&") are on the CISA KEV list, meaning confirmed real-world exploitation. Nine of the top ten ranked findings are KEV." -> Two-thirds of the estate is under active attack: 13 of 20 findings (65%) are on the CISA KEV list, meaning confirmed real-world exploitation. Nine of the top ten ranked findings are KEV. | E35: Stand up an emergency KEV patch cycle. Clear the top 5 ranked findings (web-prod-01, dc-01, vpn-gw-01, print-srv-07, file-srv-04) in an out-of-band change window, then the remaining 8 KEV items in the normal cycle. Re-scan to verify each fix. | H35: 15 days | J35: Finding | K35: Risk Score
A36: 2 | B36: ="Crown-jewel systems are exposed: "&$E$5&" findings sit on high-criticality assets (avg risk score "&TEXT($H$9,"0.0")&" vs "&TEXT($H$11,"0.0")&" for low-criticality). The domain controller (dc-01) and the internet-facing VPN gateway are both in the top three." -> Crown-jewel systems are exposed: 8 findings sit on high-criticality assets (avg risk score 27.0 vs 14.6 for low-criticality). The domain controller (dc-01) and the internet-facing VPN gateway are both in the top three. | E36: Sequence remediation by asset criticality, not CVSS. Patch dc-01, vpn-gw-01, web-prod-01 and db-prod-02 before any lab or print infrastructure. Require change-advisory sign-off for the domain controller and VPN gateway. | H36: 15 days | J36: =C22&" / "&B22 -> CVE-2024-3094 / web-prod-01 | K36: =H22 -> 42.9975
A37: 3 | B37: ="There is effectively no remediation programme yet: only "&$H$15&" of "&$A$5&" findings ("&TEXT($H$17,"0%")&") has an owner, plan and due date. The other "&$H$16&" are untracked and cannot be reported on or escalated." -> There is effectively no remediation programme yet: only 1 of 20 findings (5%) has an owner, plan and due date. The other 19 are untracked and cannot be reported on or escalated. | E37: Populate the Remediation Tracker for all 20 findings within 48 hours — owner, plan, status and due date on every row. Nominate a single accountable owner per host and report coverage % weekly. | H37: 48 hours | J37: =C23&" / "&B23 -> CVE-2022-1388 / dc-01 | K37: =H23 -> 36.162
A38: 4 | B38: Log4Shell (CVE-2021-44228, CVSS 10.0) is still open on the internet-facing VPN gateway more than four years after disclosure. This is a patch-management process failure, not an isolated miss — it should be treated as an audit finding in its own right. | E38: Patch or decommission the affected VPN gateway service, then run a root-cause review of why a CVSS 10.0 KEV item survived four years of patch cycles. Add a monthly KEV-vs-estate reconciliation check. | H38: 15 days | J38: =C24&" / "&B24 -> CVE-2021-44228 / vpn-gw-01 | K38: =H24 -> 33.3
A39: 5 | B39: ="One high-risk item is not covered by the KEV mandate: CVE-2022-30190 on db-prod-02 carries a "&TEXT($G$31,"0%")&" EPSS score on a high-criticality asset and ranks #"&$A$31&" overall. Compliance-only patching would miss it." -> One high-risk item is not covered by the KEV mandate: CVE-2022-30190 on db-prod-02 carries a 90% EPSS score on a high-criticality asset and ranks #10 overall. Compliance-only patching would miss it. | E39: Treat high-EPSS non-KEV findings as KEV-equivalent. Patch CVE-2022-30190 on db-prod-02 under the 30-day High SLA and add an EPSS ≥ 70% trigger to the prioritisation policy. | H39: 30 days | J39: =C25&" / "&B25 -> CVE-2023-46604 / print-srv-07 | K39: =H25 -> 28.8
J40: =C26&" / "&B26 -> CVE-2022-26134 / file-srv-04 | K40: =H26 -> 27.048
J41: =C27&" / "&B27 -> CVE-2024-21413 / app-prod-03 | K41: =H27 -> 26.46
J42: =C28&" / "&B28 -> CVE-2023-27350 / web-prod-01 | K42: =H28 -> 26.46
J43: =C29&" / "&B29 -> CVE-2023-22515 / backup-02 | K43: =H29 -> 24.9
J44: =C30&" / "&B30 -> CVE-2023-34362 / file-srv-04 | K44: =H30 -> 22.785
J45: =C31&" / "&B31 -> CVE-2022-30190 / db-prod-02 | K45: =H31 -> 22.23

Sheet Prioritization
A1: Prioritization
A2: Module 3 · 20 findings pre-loaded — you fill Priority (1=first)
A4: Host | B4: CVE | C4: CVSS | D4: Severity | E4: KEV? (Y/N) | F4: EPSS | G4: Asset Criticality | H4: Priority (1=highest) | I4: Risk Score | J4: Scoring Model (edit weights) | K4: Weight
A5: web-prod-01 | B5: CVE-2024-3094 | C5: 9.8 | D5: Critical | E5: Y | F5: 0.95 | G5: H | H5: =RANK(I5,$I$5:$I$24)+COUNTIF($I$5:I5,I5)-1 -> 1 | I5: =C5*(1+F5*$K$10)*IF(E5="Y",$K$5,$K$6)*IF(G5="H",$K$7,IF(G5="M",$K$8,$K$9)) -> 42.9975 | J5: KEV multiplier (actively exploited) | K5: 1.5
A6: db-prod-02 | B6: CVE-2023-44487 | C6: 7.5 | D6: High | E6: N | F6: 0.88 | G6: H | H6: =RANK(I6,$I$5:$I$24)+COUNTIF($I$5:I6,I6)-1 -> 11 | I6: =C6*(1+F6*$K$10)*IF(E6="Y",$K$5,$K$6)*IF(G6="H",$K$7,IF(G6="M",$K$8,$K$9)) -> 21.15 | J6: Non-KEV multiplier | K6: 1
A7: app-prod-03 | B7: CVE-2024-21413 | C7: 9.8 | D7: Critical | E7: Y | F7: 0.8 | G7: M | H7: =RANK(I7,$I$5:$I$24)+COUNTIF($I$5:I7,I7)-1 -> 6 | I7: =C7*(1+F7*$K$10)*IF(E7="Y",$K$5,$K$6)*IF(G7="H",$K$7,IF(G7="M",$K$8,$K$9)) -> 26.46 | J7: Asset criticality — H | K7: 1.5
A8: test-lab-09 | B8: CVE-2023-23397 | C8: 9.8 | D8: Critical | E8: Y | F8: 0.72 | G8: L | H8: =RANK(I8,$I$5:$I$24)+COUNTIF($I$5:I8,I8)-1 -> 17 | I8: =C8*(1+F8*$K$10)*IF(E8="Y",$K$5,$K$6)*IF(G8="H",$K$7,IF(G8="M",$K$8,$K$9)) -> 15.1704 | J8: Asset criticality — M | K8: 1
A9: dc-01 | B9: CVE-2022-1388 | C9: 9.8 | D9: Critical | E9: Y | F9: 0.64 | G9: H | H9: =RANK(I9,$I$5:$I$24)+COUNTIF($I$5:I9,I9)-1 -> 2 | I9: =C9*(1+F9*$K$10)*IF(E9="Y",$K$5,$K$6)*IF(G9="H",$K$7,IF(G9="M",$K$8,$K$9)) -> 36.162 | J9: Asset criticality — L | K9: 0.6
A10: file-srv-04 | B10: CVE-2023-34362 | C10: 9.8 | D10: Critical | E10: Y | F10: 0.55 | G10: M | H10: =RANK(I10,$I$5:$I$24)+COUNTIF($I$5:I10,I10)-1 -> 9 | I10: =C10*(1+F10*$K$10)*IF(E10="Y",$K$5,$K$6)*IF(G10="H",$K$7,IF(G10="M",$K$8,$K$9)) -> 22.785 | J10: EPSS weight | K10: 1
A11: vpn-gw-01 | B11: CVE-2021-44228 | C11: 10 | D11: Critical | E11: Y | F11: 0.48 | G11: H | H11: =RANK(I11,$I$5:$I$24)+COUNTIF($I$5:I11,I11)-1 -> 3 | I11: =C11*(1+F11*$K$10)*IF(E11="Y",$K$5,$K$6)*IF(G11="H",$K$7,IF(G11="M",$K$8,$K$9)) -> 33.3 | J11: Score = CVSS × (1 + EPSS×wt) × KEV mult × Criticality mult
A12: print-srv-07 | B12: CVE-2023-4863 | C12: 8.8 | D12: High | E12: N | F12: 0.4 | G12: M | H12: =RANK(I12,$I$5:$I$24)+COUNTIF($I$5:I12,I12)-1 -> 20 | I12: =C12*(1+F12*$K$10)*IF(E12="Y",$K$5,$K$6)*IF(G12="H",$K$7,IF(G12="M",$K$8,$K$9)) -> 12.32
A13: ci-runner-05 | B13: CVE-2024-1709 | C13: 10 | D13: Critical | E13: Y | F13: 0.33 | G13: M | H13: =RANK(I13,$I$5:$I$24)+COUNTIF($I$5:I13,I13)-1 -> 12 | I13: =C13*(1+F13*$K$10)*IF(E13="Y",$K$5,$K$6)*IF(G13="H",$K$7,IF(G13="M",$K$8,$K$9)) -> 19.95
A14: backup-02 | B14: CVE-2020-1472 | C14: 10 | D14: Critical | E14: Y | F14: 0.26 | G14: M | H14: =RANK(I14,$I$5:$I$24)+COUNTIF($I$5:I14,I14)-1 -> 13 | I14: =C14*(1+F14*$K$10)*IF(E14="Y",$K$5,$K$6)*IF(G14="H",$K$7,IF(G14="M",$K$8,$K$9)) -> 18.9
A15: web-prod-01 | B15: CVE-2023-27350 | C15: 9.8 | D15: Critical | E15: Y | F15: 0.2 | G15: H | H15: =RANK(I15,$I$5:$I$24)+COUNTIF($I$5:I15,I15)-1 -> 7 | I15: =C15*(1+F15*$K$10)*IF(E15="Y",$K$5,$K$6)*IF(G15="H",$K$7,IF(G15="M",$K$8,$K$9)) -> 26.46
A16: db-prod-02 | B16: CVE-2022-30190 | C16: 7.8 | D16: High | E16: N | F16: 0.9 | G16: H | H16: =RANK(I16,$I$5:$I$24)+COUNTIF($I$5:I16,I16)-1 -> 10 | I16: =C16*(1+F16*$K$10)*IF(E16="Y",$K$5,$K$6)*IF(G16="H",$K$7,IF(G16="M",$K$8,$K$9)) -> 22.23
A17: app-prod-03 | B17: CVE-2023-38831 | C17: 7.8 | D17: High | E17: N | F17: 0.7 | G17: M | H17: =RANK(I17,$I$5:$I$24)+COUNTIF($I$5:I17,I17)-1 -> 19 | I17: =C17*(1+F17*$K$10)*IF(E17="Y",$K$5,$K$6)*IF(G17="H",$K$7,IF(G17="M",$K$8,$K$9)) -> 13.26
A18: test-lab-09 | B18: CVE-2024-23897 | C18: 9.8 | D18: Critical | E18: Y | F18: 0.6 | G18: L | H18: =RANK(I18,$I$5:$I$24)+COUNTIF($I$5:I18,I18)-1 -> 18 | I18: =C18*(1+F18*$K$10)*IF(E18="Y",$K$5,$K$6)*IF(G18="H",$K$7,IF(G18="M",$K$8,$K$9)) -> 14.112
A19: dc-01 | B19: CVE-2023-0669 | C19: 7.2 | D19: High | E19: N | F19: 0.5 | G19: H | H19: =RANK(I19,$I$5:$I$24)+COUNTIF($I$5:I19,I19)-1 -> 16 | I19: =C19*(1+F19*$K$10)*IF(E19="Y",$K$5,$K$6)*IF(G19="H",$K$7,IF(G19="M",$K$8,$K$9)) -> 16.2
A20: file-srv-04 | B20: CVE-2022-26134 | C20: 9.8 | D20: Critical | E20: Y | F20: 0.84 | G20: M | H20: =RANK(I20,$I$5:$I$24)+COUNTIF($I$5:I20,I20)-1 -> 5 | I20: =C20*(1+F20*$K$10)*IF(E20="Y",$K$5,$K$6)*IF(G20="H",$K$7,IF(G20="M",$K$8,$K$9)) -> 27.048
A21: vpn-gw-01 | B21: CVE-2021-34527 | C21: 8.8 | D21: High | E21: N | F21: 0.3 | G21: H | H21: =RANK(I21,$I$5:$I$24)+COUNTIF($I$5:I21,I21)-1 -> 15 | I21: =C21*(1+F21*$K$10)*IF(E21="Y",$K$5,$K$6)*IF(G21="H",$K$7,IF(G21="M",$K$8,$K$9)) -> 17.16
A22: print-srv-07 | B22: CVE-2023-46604 | C22: 10 | D22: Critical | E22: Y | F22: 0.92 | G22: M | H22: =RANK(I22,$I$5:$I$24)+COUNTIF($I$5:I22,I22)-1 -> 4 | I22: =C22*(1+F22*$K$10)*IF(E22="Y",$K$5,$K$6)*IF(G22="H",$K$7,IF(G22="M",$K$8,$K$9)) -> 28.8
A23: ci-runner-05 | B23: CVE-2024-27198 | C23: 9.8 | D23: Critical | E23: N | F23: 0.78 | G23: M | H23: =RANK(I23,$I$5:$I$24)+COUNTIF($I$5:I23,I23)-1 -> 14 | I23: =C23*(1+F23*$K$10)*IF(E23="Y",$K$5,$K$6)*IF(G23="H",$K$7,IF(G23="M",$K$8,$K$9)) -> 17.444
A24: backup-02 | B24: CVE-2023-22515 | C24: 10 | D24: Critical | E24: Y | F24: 0.66 | G24: M | H24: =RANK(I24,$I$5:$I$24)+COUNTIF($I$5:I24,I24)-1 -> 8 | I24: =C24*(1+F24*$K$10)*IF(E24="Y",$K$5,$K$6)*IF(G24="H",$K$7,IF(G24="M",$K$8,$K$9)) -> 24.9
A28: Priority = Severity × Exploitability (KEV/EPSS) × Asset criticality. KEV = fix now regardless of CVSS.

Sheet Remediation Tracker
A1: Remediation Tracker
A2: Module 3 · assign SLA + owner + status
A4: Finding (CVE + host) | B4: Severity | C4: SLA (days) | D4: Owner | E4: Remediation plan | F4: Status | G4: Due date
A5: CVE-2024-3094 / web-prod-01 | B5: Critical | C5: 15 | D5: IT Ops | E5: Patch OpenSSH; re-scan to verify | F5: Open | G5: 2026-08-11
A17: Critical/KEV 15d · High 30d · Medium 90d · Low 180d or risk-accept (with approver).

Sheet Metrics
A1: Executive Metrics
A2: Module 3 · the numbers leadership reads
A4: Metric | B4: This Period | C4: Target | D4: Trend
A5: Mean time to remediate (MTTR) | C5: ≤ 30 days
A6: SLA compliance % | C6: ≥ 90%
A7: Open Critical/High findings | C7: ↓
A8: Scan coverage % | C8: ≥ 95%
A11: Put these four numbers at the top of your executive report.
